,id,first_name,last_name,gender,age,birthday_month
0,1,Taite,Flaunders,Male,9.0,2
1,2,Cordey,Tofts,Female,4.0,9
3,4,Kendricks,Forward,Male,3.0,10
4,5,Cass,Rosiello,Male,43.0,8
5,6,Lebbie,Rathjen,Female,35.0,4
6,7,Mayor,Monni,Male,57.0,10
7,8,Fonz,MacKay,Male,1.0,5
8,9,Oralia,Tull,Female,6.0,11
14,15,Leodora,Rolfini,Female,27.0,1
15,16,Dorthea,Harding,Female,83.0,2
16,17,Loleta,Bostick,Female,33.0,3
17,18,Ashley,Glanert,Female,82.0,6
18,19,Merrel,Matura,Male,85.0,9
20,21,Fayina,Horsburgh,Female,70.0,7
22,23,Jason,Lethardy,Male,20.0,3
24,25,Currey,Towe,Male,64.0,5
26,27,Dion,Buard,Female,25.0,3
27,28,Hamish,Bond,Male,5.0,9
31,32,Evania,Doel,Female,47.0,5
32,33,Donn,Mimmack,Male,80.0,8
33,34,Jerrylee,Wakefield,Female,30.0,11
38,39,Carlen,Tittershill,Female,56.0,9
39,40,Catha,Desson,Female,20.0,4
40,41,Lindon,Ferrar,Male,50.0,2
41,42,Kerr,Killimister,Male,84.0,2
42,43,Mariam,Norridge,Female,51.0,6
43,44,Nicoli,Pitway,Female,17.0,3
45,46,Maggy,Reidie,Female,29.0,5
47,48,Dix,Peschka,Female,25.0,11
49,50,Say,Plank,Male,8.0,9
50,51,Alvis,Ingley,Male,25.0,2
51,52,Andrea,Mears,Male,68.0,9
53,54,Franzen,Aikin,Male,78.0,10
55,56,Ashley,Careless,Male,56.0,7
56,57,Frederik,Skones,Male,63.0,5
57,58,Gaultiero,McWhan,Male,9.0,12
58,59,Bonny,Petricek,Female,71.0,6
60,61,Owen,Myton,Male,67.0,10
61,62,Janek,Blackman,Male,7.0,1
62,63,Zolly,Buckthorpe,Male,59.0,6
63,64,Colver,Mayell,Male,85.0,5
65,66,Ceil,Coonan,Female,16.0,7
66,67,Corabel,Scandred,Female,25.0,3
69,70,Ruthann,Hupe,Female,66.0,1
70,71,Juline,Ashbe,Female,52.0,12
71,72,Sallyann,Sorby,Female,8.0,7
72,73,Dixie,Heersema,Female,12.0,2
73,74,Clementius,Bayles,Male,33.0,5
74,75,Petronia,Mayo,Female,36.0,6
75,76,Ardra,Sivil,Female,40.0,9
76,77,Jarib,Di Giacomo,Male,6.0,5
78,79,Isabel,McMenamin,Female,8.0,2
79,80,Benyamin,Andrusov,Male,44.0,8
80,81,Clemens,Tarzey,Male,17.0,1
82,83,Dell,Epelett,Male,58.0,2
83,84,Otha,Foat,Female,60.0,11
84,85,Hollis,Urch,Male,60.0,9
85,86,Callean,Calleja,Male,48.0,3
86,87,Essa,Hanbidge,Female,63.0,3
88,89,Ulrick,Maleck,Male,66.0,11
89,90,Thomas,Durn,Male,21.0,8
90,91,Cleve,Brear,Male,29.0,5
91,92,Pippa,Muttock,Female,13.0,11
93,94,Davis,Parlor,Male,51.0,7
95,96,Gerrie,Cottis,Female,64.0,5
96,97,Cori,Jehan,Male,17.0,2
98,99,Jyoti,McEachern,Female,82.0,2
99,100,Gaby,Teodori,Male,73.0,3
100,101,Yulma,O'Mannion,Male,32.0,3
101,102,Adrian,Landells,Female,75.0,5
102,103,Katleen,Talby,Female,21.0,5
103,104,Viki,Arundale,Female,2.0,2
104,105,Barbara-anne,Tenby,Female,1.0,7
106,107,Peggi,Jaszczak,Female,83.0,9
107,108,Eddie,Pantin,Male,9.0,11
108,109,Cyndi,Wisdom,Female,12.0,10
109,110,Boycey,Philipsohn,Male,10.0,12
110,111,Chrotoem,Oldershaw,Male,57.0,8
111,112,Gamaliel,Ioselev,Male,44.0,5
112,113,Ranice,Maddocks,Female,11.0,1
114,115,Gloriane,Poundford,Female,4.0,11
115,116,Job,Masey,Male,8.0,11
116,117,Iseabal,Wrates,Female,17.0,7
117,118,Herby,O'Leary,Male,49.0,7
118,119,Maximilian,Nichols,Male,44.0,4
120,121,Orren,Gerber,Male,33.0,12
121,122,Jonie,Rathe,Female,22.0,7
122,123,Kerwinn,Bolt,Male,30.0,10
123,124,Elias,Louis,Male,44.0,10
124,125,Winifield,Clampin,Male,53.0,11
125,126,Bettine,Harbison,Female,7.0,5
126,127,Vannie,Lambersen,Female,47.0,6
127,128,Tedi,Kob,Female,6.0,10
128,129,Alane,Ourry,Female,41.0,5
129,130,Francene,Book,Female,66.0,3
131,132,Alick,Streeten,Male,16.0,2
132,133,Riordan,Lockie,Male,1.0,2
137,138,Heywood,McKerrow,Male,38.0,2
138,139,Ola,Lamy,Female,15.0,6
140,141,Marten,Mouncher,Male,65.0,8
141,142,Dalli,Rossiter,Male,2.0,11
142,143,Maurie,Carlozzi,Male,77.0,5
143,144,Karlene,Face,Female,21.0,4
144,145,Shelly,Thonason,Female,56.0,9
145,146,Fredrick,Roll,Male,63.0,7
147,148,Pepi,MacArd,Female,52.0,8
148,149,Jon,Baskeyfield,Male,13.0,9
149,150,Sadella,Scotting,Female,45.0,7
150,151,Eleen,Ertelt,Female,38.0,11
151,152,Myrtia,Donoher,Female,8.0,2
152,153,Noland,Cocozza,Male,3.0,6
155,156,Geri,Gaynes,Female,81.0,5
156,157,Janice,Pinor,Female,33.0,1
157,158,Gae,Parmer,Female,43.0,5
159,160,Aliza,Rapsey,Female,9.0,1
161,162,Hillie,Denisyuk,Male,49.0,11
162,163,Thedric,Mingardi,Male,52.0,6
163,164,Neddy,Griston,Male,65.0,1
165,166,Killie,Giacomuzzo,Male,8.0,2
166,167,Archibaldo,Dubbin,Male,1.0,3
167,168,Carmen,Finicj,Female,56.0,9
170,171,Karlan,Klimsch,Male,11.0,2
171,172,Johnathon,Lazenby,Male,61.0,7
172,173,Stace,Rowlett,Female,72.0,2
174,175,Baudoin,Law,Male,50.0,11
175,176,Urson,Cowherd,Male,73.0,7
176,177,Joellyn,Daen,Female,66.0,10
178,179,Niccolo,Riggeard,Male,50.0,2
179,180,Phyllys,Nolte,Female,84.0,7
180,181,Lindon,Lerigo,Male,43.0,12
184,185,Alva,Berney,Male,17.0,10
185,186,Talbot,Keller,Male,78.0,1
186,187,Alexander,Galia,Male,31.0,5
188,189,Gifford,Comizzoli,Male,15.0,1
189,190,Derk,Gatland,Male,75.0,11
192,193,Tyson,Merigot,Male,66.0,12
193,194,Shel,Broadhead,Female,75.0,12
194,195,Marina,Roskrug,Female,41.0,9
197,198,Venus,Smorthit,Female,56.0,3
200,201,Clemens,De Nisco,Male,12.0,7
201,202,Buddy,Sherbrook,Male,57.0,3
205,206,Burr,Buggy,Male,3.0,6
206,207,Glennis,Kinsell,Female,2.0,10
208,209,Nonna,Nisius,Female,48.0,11
209,210,Salvidor,Etty,Male,30.0,2
211,212,Wainwright,Uebel,Male,16.0,7
213,214,Dredi,Beers,Female,60.0,11
214,215,Suzann,Jerrome,Female,48.0,5
215,216,Cortney,McNellis,Female,20.0,7
216,217,Joscelin,Rayne,Female,19.0,12
218,219,Curr,Christiensen,Male,40.0,7
219,220,Fleurette,Rodders,Female,44.0,7
220,221,Erhart,Elliss,Male,28.0,12
221,222,Paquito,Savill,Male,47.0,6
222,223,Dorian,Neeves,Male,15.0,12
223,224,Ethel,Tatlowe,Female,66.0,8
224,225,Deeann,But,Female,70.0,5
229,230,Justis,Petroselli,Male,56.0,9
232,233,Turner,Llewellyn,Male,27.0,8
233,234,Desdemona,Cowderoy,Female,57.0,3
234,235,Bobbe,Melville,Female,35.0,12
235,236,Rory,Lumb,Male,46.0,2
236,237,Tanney,Powney,Male,46.0,10
237,238,Howard,Juden,Male,79.0,3
238,239,Odey,Redbourn,Male,33.0,8
240,241,Issie,Pentlow,Female,50.0,5
241,242,Viviyan,Conville,Female,80.0,7
242,243,Edythe,Spur,Female,27.0,3
243,244,Bendicty,Hagergham,Male,60.0,6
245,246,Selia,Durban,Female,7.0,6
246,247,Benedick,Mc Elory,Male,18.0,4
247,248,Dalton,Baptiste,Male,82.0,5
248,249,Orly,Pele,Female,51.0,1
249,250,Devina,McWilliam,Female,57.0,1
251,252,Yorgos,Millmoe,Male,26.0,8
252,253,Marylynne,Oleksinski,Female,78.0,6
254,255,Marie-jeanne,Cowoppe,Female,44.0,8
255,256,Cass,Gummoe,Male,12.0,8
256,257,Jermaine,Cairney,Female,79.0,6
257,258,Bonita,Franc,Female,43.0,6
258,259,Buiron,Cardozo,Male,3.0,7
259,260,Neddy,Madden,Male,62.0,5
260,261,Celisse,Randall,Female,36.0,3
262,263,Sergio,Rachuig,Male,68.0,11
263,264,Lauritz,Lenthall,Male,27.0,4
264,265,Sigismund,Mack,Male,70.0,4
265,266,Alicia,Averall,Female,4.0,1
266,267,Kiley,O'Moylan,Male,85.0,5
267,268,Evie,Dudny,Female,5.0,11
268,269,Nathalie,Cory,Female,3.0,2
269,270,Kelvin,Dyne,Male,30.0,7
272,273,Aeriel,Lorek,Female,56.0,1
273,274,Eachelle,Nudde,Male,19.0,6
275,276,Katinka,Winfield,Female,73.0,4
276,277,Gusta,Baggett,Female,43.0,1
278,279,Margalo,Goodyear,Female,75.0,5
279,280,Artemis,McQuarter,Male,52.0,5
280,281,Miran,Bellenie,Female,29.0,6
281,282,Nil,Boxill,Male,6.0,6
282,283,Corbett,Biaggetti,Male,44.0,2
283,284,Cart,Pinchin,Male,78.0,11
286,287,Urbanus,MacAfee,Male,50.0,7
287,288,Maible,Perritt,Female,29.0,7
288,289,Humfrid,Shinn,Male,83.0,12
289,290,Rosanna,Licciardi,Female,15.0,4
290,291,Marysa,Cavnor,Female,65.0,4
291,292,Jonathan,Sibbson,Male,65.0,2
292,293,Dodi,Sibthorpe,Female,42.0,3
293,294,Valentina,Rottenbury,Female,22.0,5
294,295,Emily,MacPike,Female,53.0,6
295,296,Gawen,Hindge,Male,54.0,2
296,297,Isidro,Speariett,Male,43.0,6
