student_id,student_number,gender,age,credits_earned,gpa,school,phone,dream_job
1,74-1372606,Male,20,119,2.47,Universität Köln,707-856-9988,Tax Accountant
2,76-7956477,Female,19,3,3.77,"Bourgas University ""Prof. Assen Zlatarov""",580-393-8890,Associate Professor
3,92-1385513,Female,18,101,3.68,Guru Gobind Singh Indraprastha University,577-542-6202,Administrative Assistant IV
4,78-1489862,Male,18,95,2.71,"California State University, Dominguez Hills",856-910-3755,Physical Therapy Assistant
5,03-2540883,Female,17,63,3.09,"University of Gjirokstra ""Eqerem Cabej""",149-113-4939,Assistant Manager
6,10-7525526,Female,26,39,2.91,Tshwane University of Technology,356-171-5550,Help Desk Operator
7,99-5825326,Male,22,103,3.55,Universidad Metropolitana Castro Carazo,943-121-2044,Programmer I
8,40-6084489,Male,21,30,2.75,Calumet College of St. Joseph,377-528-5667,Registered Nurse
9,06-3135307,Female,19,9,2.83,Columbia Southern University,960-756-2863,Assistant Professor
10,47-6268146,Male,17,57,2.33,St. Petersburg Institute of Arts and Restoration,652-626-3653,Chemical Engineer
11,37-1525073,Female,17,9,2.58,Suranaree University of Technology,254-745-5848,Biostatistician I
12,13-3384592,Male,23,49,3.63,Yildirim Beyazit University,655-787-0351,Community Outreach Specialist
13,14-9055832,Male,25,84,3.82,Yanbu Technical Institute,528-580-5421,Financial Analyst
14,26-1003175,Male,22,26,3.18,Fayoum University,832-769-2749,Recruiter
15,15-7661274,Female,20,43,2.18,National Pedagogical University M. Dragomanov ,434-260-4499,Registered Nurse
16,55-2246634,Female,17,78,3.75,Kiev National Economic University Named after Vadym Hetman,281-912-7926,Speech Pathologist
17,76-3499581,Female,20,80,2.8,Detroit College of Business - Flint,283-736-1998,Administrative Officer
18,41-9449701,Male,17,59,2.03,Moscow State University of Commerce,960-514-6158,Help Desk Operator
19,52-1728452,Female,20,34,2.39,St. Mary's University,682-493-6452,Sales Representative
20,76-4368496,Female,,67,3.17,NED University of Engineering and Technology Karachi,636-690-2299,Nuclear Power Engineer
21,87-2145581,Male,23,43,2.46,University of Manila,821-325-5774,Operator
22,86-4457554,Female,,13,2.34,Baker College of Flint,240-964-5075,Assistant Media Planner
23,40-1026779,Male,24,74,3.87,University of Tampere,822-780-8919,Director of Sales
24,93-0029040,Female,21,9,3.04,Wudanshan Taoist College ,633-702-2278,Computer Systems Analyst III
25,74-8528795,Male,23,39,3.31,Yonok University,638-487-3510,Recruiter
26,39-3577867,Female,17,60,2.28,Friedrich-Schiller Universität Jena,649-666-7360,Software Test Engineer III
27,96-6470762,Female,22,116,2.08,Technological University (Hmawbi),357-457-2891,Systems Administrator III
28,04-3733033,Male,22,95,3.35,Universidade Federal de Juiz de Fora,805-859-1821,Technical Writer
29,91-8953214,Female,24,37,3.15,Stie Perbanas Surabaya,736-166-2031,Recruiting Manager
30,80-3088900,Female,22,36,3.89,Pepperdine University,915-333-0789,Desktop Support Technician
31,13-3266122,Male,24,9,2.56,Université de Bretagne Sud,776-869-2233,Programmer Analyst III
32,76-0570317,Female,25,118,3.41,New England School of Communications,473-540-0605,Account Coordinator
33,27-5023288,Female,25,49,2.46,"Télé-université, Université du Québec",704-612-3781,Health Coach II
34,44-1608948,Male,25,71,3.94,Western Kazakhstan Agricultural University,600-983-1839,Senior Developer
35,65-4353454,Female,21,66,2.69,Naresuan University,636-316-7781,Engineer II
36,12-8060502,Male,23,115,3.16,"Université du Sud, Toulon et Var",851-151-9579,Environmental Specialist
37,19-3128072,Female,23,94,3.33,Changchun University of Technology,316-430-0881,Structural Analysis Engineer
38,34-1405902,Female,22,24,3.83,Athens Graduate School of Management (AGSM),789-212-7182,VP Product Management
39,06-0198873,Female,20,83,3.89,Rollins College,757-825-6441,VP Accounting
40,56-5720157,Female,20,28,3.83,"Institute of Teachers Education, Tun Hussein Onn",704-466-1852,Database Administrator IV
41,53-8730901,Female,24,77,3.79,"Universidad Laica ""Vicente Rocafuerte"" de Guayaquil",795-538-0315,Systems Administrator IV
42,64-6448647,Male,23,49,2.97,Engineering College of Aarhus,748-488-6983,Marketing Manager
43,13-2980993,Male,19,89,3.23,"Fairleigh Dickinson University, Florham-Madison Campus",910-778-0670,Health Coach I
44,52-6565993,Male,18,82,2.08,Universidade Ibirapuera,967-771-7103,Senior Financial Analyst
45,26-3683002,Male,26,5,3.8,Romanian-American University,346-412-8785,Chemical Engineer
46,97-7539650,Female,19,37,3.31,University of Anbar,842-219-9129,Pharmacist
47,86-2704042,Male,26,90,2.6,Instituto Tecnológico Metropolitano,927-646-5038,Payment Adjustment Coordinator
48,01-8469635,Male,19,11,3.21,University of Minnesota - Morris,539-138-5640,Occupational Therapist
49,89-9184664,Male,17,53,3.61,Polonia University in Czêstochowa,433-268-1874,Clinical Specialist
50,25-1983443,Female,25,78,3.98,State University of New York at Oswego,854-393-5868,Associate Professor
51,14-7431727,Female,23,28,3.3,Shinshu University,443-189-8506,Financial Advisor
52,95-2175398,Female,17,62,2.66,Osaka International University,483-988-1149,VP Quality Control
53,96-5852873,Female,23,40,3.09,St. John's College Maryland,698-609-8745,Account Executive
54,22-3736077,Female,19,22,3.97,Faculdade Jaguariúna,558-316-5962,Biostatistician IV
55,35-7530911,Male,21,73,3.38,NAES College,282-721-2607,VP Sales
56,15-6887400,Female,19,24,3.54,Christian Theological Academy in Warszaw,197-822-4647,Project Manager
57,54-9512612,Female,26,52,3.7,Fachhochschule Weihenstephan,180-887-7275,VP Accounting
58,15-4305478,Female,22,29,2.61,Villanova University,301-651-3750,Programmer IV
59,38-4549202,Female,18,83,2.51,Fachhochschule Burgenland,736-502-2605,Web Designer II
60,11-8123872,Female,26,31,2.53,Hotelschool The Hague,249-712-6740,GIS Technical Architect
61,68-6891147,Male,24,83,3.82,Taegu University,243-782-8132,VP Quality Control
62,07-4612597,Female,25,120,2.51,King Mongkut's University of Technology Thonburi,490-512-2392,Engineer I
63,37-9631095,Male,19,7,3.38,Universitas Pesantren Darul Ulum Jombang,859-608-8532,Design Engineer
64,27-4006650,Male,23,58,,,117-806-9640,Web Designer IV
65,35-7380576,Female,24,99,2.58,"Rasmussen College, Illinois Campuses",327-969-8294,Chemical Engineer
66,33-2729202,Female,26,59,2.11,Aomori University of Health and Welfare,766-617-2957,Civil Engineer
67,76-2805595,Male,21,62,3.6,University of Pangasinan,830-543-9638,Account Coordinator
68,79-5429301,Female,17,40,3.89,New England Conservatory of Music,339-537-4648,Compensation Analyst
69,59-0756324,Female,22,49,3.54,International Christian University,680-352-5310,Recruiting Manager
70,03-6841568,Female,21,3,3.14,Delaware State University,275-498-7803,Staff Scientist
71,36-0899936,Male,24,53,3.24,Regis University,690-196-3350,Actuary
72,02-2644887,Female,20,66,3.22,"St. Francis College, Fort Wayne",739-632-6021,Sales Associate
73,29-7377313,Male,20,23,3.6,University of Louisiana at Monroe,820-939-0291,Senior Editor
74,77-6517957,Male,26,98,3.85,Don State Technical University,371-126-9622,Engineer IV
75,89-7803705,Male,26,21,2.74,Universidad Militar Nueva Granada,191-451-2279,Tax Accountant
76,94-3247908,Female,25,11,2.49,Universidade de Tocantins,351-152-3904,Speech Pathologist
77,95-8504970,Female,23,29,2.83,MacMurray College,554-664-4864,Actuary
78,58-5000940,Male,26,17,3.31,Gulu University,823-415-0665,Data Coordiator
79,55-0005282,Female,20,36,3.07,Sogang University,648-236-4559,VP Quality Control
80,86-0897665,Male,22,20,2.69,Moscow P. I. Tchaikovsky Conservatory,451-695-3935,Physical Therapy Assistant
81,63-0410986,Male,22,26,2.03,University of Science and Culture,400-681-5602,Senior Editor
82,64-1555953,Male,19,26,2.97,Dillard University,739-387-6903,Actuary
83,19-8114120,Female,19,62,3.53,St. Joseph Group of Institutes,410-934-9466,Automation Specialist III
84,53-3757966,Female,17,81,3.91,Yaroslavl State Medical Academy,493-427-5342,Programmer II
85,81-1935405,Male,18,88,3.34,Sherman College of Straight Chiropractic,415-175-2186,Staff Accountant I
86,56-0075428,Female,22,18,2.97,Ivanovo State University of Chemistry and Technology,805-332-5871,Geological Engineer
87,20-8891008,Male,22,88,3.64,University of Zambia,937-722-3317,Account Executive
88,15-3474981,Male,19,114,3.74,Touro College,861-715-1361,Librarian
89,32-7635656,Female,21,11,2.47,Universidad de Managua (U de M),983-111-7080,Office Assistant I
90,85-6219328,Male,19,32,3.75,Hampden-Sydney College,930-808-4243,Assistant Professor
91,55-5065733,Female,,54,3.34,Gediz University,379-234-7597,VP Accounting
92,25-8019164,Male,26,52,2.88,Phillips University,594-900-7624,Office Assistant II
93,20-6993450,Male,23,29,3.69,Police Academy of Latvia,787-763-8254,Structural Analysis Engineer
94,86-7747754,Female,18,79,2.47,Escuela Militar de Ingeniería,480-645-3991,Statistician III
95,53-0363082,Female,22,15,3.27,Tomsk State University of Architecture and Building,205-285-2354,Teacher
96,03-7639956,Female,24,4,4,Turku School of Economics and Business Administration,341-202-1316,Research Associate
97,03-9015533,Male,23,43,2.69,Technische Universität Hamburg-Harburg,596-888-3735,Geologist III
98,85-2907870,Female,18,50,3.29,Northwestern State University of Louisiana,650-668-8267,Paralegal
99,63-9160486,Male,21,60,2.47,Johannes-Gutenberg Universität Mainz,787-868-7773,Executive Secretary
100,84-2575876,Female,25,77,3.5,Matej Bel University in Banská Bystrica,746-816-8775,VP Marketing
101,63-9953265,Male,20,35,2.54,Universidade Gama Filho,669-611-2471,Junior Executive
102,77-3378659,Female,22,66,3.77,Dániel Berzsenyi Teacher Training College,170-318-9667,Accountant II
103,49-9272287,Male,26,113,2.3,Higher Institute of Business Administration,480-997-3467,VP Marketing
104,87-6362309,Male,24,105,3.45,Hartford College for Women,681-866-6902,Safety Technician II
105,19-5257886,Male,24,41,3.75,St. Peter's College,725-256-3406,Automation Specialist III
106,97-3582200,Female,23,77,2.7,Heilongjiang University,417-282-3721,VP Quality Control
107,20-6830966,Female,26,68,3.95,Université des Sciences Sociales (Toulouse I),889-855-2076,Assistant Professor
108,99-9883101,Male,26,60,2.52,University of Lavasanat Pnu,330-306-4750,Senior Developer
109,96-2811786,Male,,86,2.21,Universidad Autónoma de Aguascalientes,961-826-3199,Clinical Specialist
110,60-7605384,Male,17,79,2.98,International Medical & Technological University,511-468-0417,Geological Engineer
111,87-4687098,Female,18,4,3.37,Agricultural University of Athens,459-864-6504,Help Desk Operator
112,81-8017798,Male,26,95,2.72,Tennessee Technological University,230-446-5017,Nurse
113,71-8136491,Male,19,51,2.85,Southern University - New Orleans,360-863-9786,Marketing Assistant
114,68-8477277,Female,23,15,2.55,Delijan Payame Noor University,934-926-7966,Registered Nurse
115,50-1025662,Male,26,116,3.1,"Kazakhstan Institute of Management, Economics, and Strategic Research",779-541-6676,Staff Accountant III
116,77-6789381,Female,23,11,3.72,Bengal Engineering College,267-557-5062,Mechanical Systems Engineer
117,34-9150859,Female,,48,3.36,Govind Ballabh Pant University of Agriculture and Technology,171-674-2853,Speech Pathologist
118,24-2520073,Female,18,45,2.94,Institute for Advanced Studies Lucca,366-348-1550,Chemical Engineer
119,03-8898366,Male,,48,2.6,International University in Germany,510-224-9400,VP Accounting
120,14-1589998,Male,19,97,3.85,Chiba University,460-941-0781,Design Engineer
121,46-3272603,Female,26,74,2.84,Kumaun University,669-915-4207,Civil Engineer
122,15-4151112,Female,21,70,3.96,Beijing Sport University,758-208-7367,Assistant Professor
123,64-7146110,Male,23,114,2.36,Kazan State Music Conservatory,335-649-5673,Programmer I
124,57-8720744,Male,22,110,2.55,Vancouver Community College,531-630-9246,Administrative Assistant II
125,58-8450441,Female,17,107,2.1,Universidade Santa Úrsula,418-976-7228,GIS Technical Architect
126,38-7208651,Female,20,50,3.31,Cardiff University,798-179-9320,VP Sales
127,26-0113829,Male,19,93,2.86,Baker College of Auburn Hills,587-566-4947,Nurse Practicioner
128,95-0717223,Female,23,88,3.1,Universidad Privada San Juan Bautista,348-830-9375,Operator
129,22-5509305,Male,24,55,,,124-983-0903,Design Engineer
130,57-4039979,Male,23,29,2.2,University of Tampa,182-272-0697,Senior Developer
131,75-7962300,Male,26,22,3.58,University of Mashhad Pnu,700-233-4913,Account Executive
132,49-5245782,Female,18,74,2.41,American College of Greece,678-278-5947,Biostatistician IV
133,69-4686917,Male,26,30,2.83,Universidad del Noreste,964-836-0241,Research Associate
134,04-4346248,Female,23,104,3.28,Université de Rouen - Haute Normandie,825-561-9334,Senior Editor
135,61-5144497,Male,21,5,2.36,Instituto Tecnológico de Buenos Aires,762-419-2269,Research Associate
136,31-2380821,Female,24,8,3.49,"American University Extension, Okinawa",378-836-4551,Social Worker
137,56-3151237,Female,18,31,3.31,Korea National University of Education,983-978-0034,Compensation Analyst
138,39-9284950,Male,26,30,2.63,Universidad del Valle del Bravo,491-251-9873,Web Designer IV
139,44-6689821,Male,21,40,2.03,Hong Kong Academy for Performing Arts ,494-501-8618,Web Developer IV
140,19-1176491,Male,26,19,2.1,"University of Wales, Lampeter",165-198-7568,Dental Hygienist
141,12-0458222,Female,21,14,2.28,University of Economics Prague,717-531-2156,Automation Specialist IV
142,19-9602416,Female,22,69,3.75,Pennsylvania Institute of Technology,962-886-2693,Statistician IV
143,98-4852230,Male,23,85,2.2,Universitas Pakuan,410-801-0864,Budget/Accounting Analyst IV
144,92-2798137,Male,17,57,2.56,Pädagogische Hochschule Schwäbisch Gmünd,133-477-8821,Food Chemist
145,28-8051109,Female,18,88,3.48,Tashkent State University of Oriental Studies ,549-160-8716,VP Marketing
146,31-0657929,Male,22,105,2.64,Université de Toulouse,537-455-5895,Statistician II
147,72-1991617,Male,24,37,2.23,University of the Italian-speaking Part of Switzerland,319-914-2198,Technical Writer
148,15-3987460,Female,18,118,2.93,Kyushu International University,478-759-0036,Structural Analysis Engineer
149,64-3987177,Female,25,25,3.68,TaTung University ,482-468-6837,Safety Technician I
150,85-1687659,Male,22,101,2.33,Husson College,311-507-7000,Quality Control Specialist
151,46-9593457,Female,26,41,3.72,Akademie der bildenden Künste Wien,997-347-5283,Graphic Designer
152,21-9710418,Female,21,60,3.8,Universidad Mayor,152-986-4343,Accounting Assistant IV
153,24-0729260,Male,25,110,3.52,"Universidad de Puerto Rico, Rio Pedras",809-986-5391,Computer Systems Analyst II
154,68-3879416,Male,24,67,2.7,Universidad Empresarial Siglio 21,337-228-4947,Budget/Accounting Analyst III
155,01-6654226,Male,23,115,2.79,Al-Quds Open University,846-406-1978,Senior Financial Analyst
156,20-5830929,Female,19,51,2.64,Tietgen Business College,695-415-1301,VP Sales
157,97-2748241,Male,18,34,2.02,Johns Hopkins University,887-991-9811,Structural Analysis Engineer
158,13-2182541,Male,24,117,3.71,"Fachhochschule Trier, Hochschule für Technik, Wirtschaft und Gestaltung",148-782-6783,Senior Sales Associate
159,31-9510746,Male,21,17,3.64,Godfrey Okoye University,437-168-5003,Statistician I
160,91-6407118,Female,17,116,2.23,Instituto Politécnico de Beja,987-917-2833,Budget/Accounting Analyst I
161,73-8736273,Female,26,107,2.75,Wuyi University,426-132-5489,Computer Systems Analyst III
162,82-3021516,Male,23,38,2.23,Metropolitan State University,535-701-7232,Programmer II
163,98-4806176,Male,24,7,3.53,University Konstantina Filozov in Nitra,704-578-4428,Senior Cost Accountant
164,43-1331257,Female,,66,3.68,Amman University,232-194-3823,Accountant IV
165,88-9387161,Female,26,88,2.74,Smolny University,838-400-0934,Software Engineer I
166,84-7049795,Female,24,75,2.18,Portland Community College,189-375-1285,Administrative Officer
167,90-6966303,Male,24,117,2.72,Universidad Adventista de Colombia,169-546-2433,Assistant Manager
168,79-3648747,Male,23,5,3.97,Insituto Universitario - Centro Latinoamericano de Economia Humana - IU Claeh,620-907-5543,Administrative Officer
169,17-0945882,Male,21,97,3.24,Colorado State University-Pueblo,184-300-6973,Financial Analyst
170,69-5402250,Male,18,18,2.17,Politécnico Grancolombiano - Institución Universitaria,918-675-9560,Tax Accountant
171,66-2006169,Male,18,3,2,Jingdezhen China Institute,735-912-9955,Accountant III
172,72-8573934,Male,23,108,2.31,Keiwa College,154-622-8086,Software Test Engineer I
173,37-4762169,Male,23,83,2.76,Toho Gakuen School of Music,294-410-6117,Environmental Tech
174,48-3430626,Male,26,5,2.81,Lourdes College,548-998-2474,Help Desk Technician
175,00-8435419,Female,24,60,3.95,Universidad de Iberoamérica,388-127-6168,Executive Secretary
176,80-3227508,Male,23,52,2.15,"COMSATS Institute of Information Technology, Attock",701-708-0436,Operator
177,82-4517710,Female,26,85,2,Grenoble Ecole de Management,522-502-0027,Data Coordiator
178,52-4473969,Female,22,44,2.62,Singapore Management University,187-971-1579,Analog Circuit Design manager
179,03-8958320,Female,19,25,3.24,Berhampur University,538-928-0900,Administrative Officer
180,11-1075197,Female,18,72,2.4,University of Management and Technology ,446-348-1865,Web Developer IV
181,00-4054075,Female,26,20,2.51,Dr. D.Y. Patil University,983-506-6808,Librarian
182,39-2999175,Male,22,38,2.76,Ecole Nationale Supérieure Electricité et Mécanique,624-350-8076,Administrative Assistant I
183,33-8636144,Male,22,3,,,813-421-8717,VP Marketing
184,71-2893351,Male,25,88,2.61,Matej Bel University in Banská Bystrica,907-442-7821,Assistant Manager
185,05-3404743,Male,24,61,2.91,Waynesburg College,237-648-0951,Senior Editor
186,59-6800306,Female,21,8,2.89,Banking University of Ho Chi Minh City,238-498-5540,Statistician II
187,16-5894393,Male,24,36,2.64,Islamic University of Rotterdam,251-228-9967,Financial Advisor
188,12-8822264,Male,24,59,2.91,Universitas Negeri Padang,855-947-0131,Structural Analysis Engineer
189,38-3624501,Male,24,49,2.66,Kaboora Institute of Higher Education,510-486-8972,Legal Assistant
190,48-7294518,Female,26,24,3.58,Birjand University of Medical Sciences,491-217-3244,Safety Technician I
191,71-2786054,Male,26,81,3.24,Université Bordeaux I,591-804-2603,Marketing Manager
192,70-1017427,Male,19,29,,,346-966-5134,Health Coach IV
193,52-8937248,Female,19,7,3.18,Beloit College,122-199-5355,VP Accounting
194,93-9539043,Male,18,108,3.52,Hendrix College,718-131-4981,Physical Therapy Assistant
195,89-6355139,Male,19,11,3.67,Tver State University,997-107-7088,Database Administrator IV
196,58-3742148,Male,20,95,3.2,Universidad Católica de Santa Fé,582-870-1615,Sales Representative
197,61-7883664,Female,25,97,3.33,Universidade Metropolitana de Angola,249-235-2325,Cost Accountant
198,89-3021344,Female,25,81,2.42,Hogeschool voor Wetenschap & Kunst,524-106-9009,Quality Engineer
199,72-2602823,Female,21,99,3.68,Columbus University,660-337-3821,Nurse
200,92-5762257,Female,17,32,3.16,Shenyang Institute of Chemical Technology,861-584-3911,Database Administrator III
201,70-8553971,Female,24,115,2.39,University of Groningen,747-565-0568,Programmer Analyst III
202,11-0388438,Female,24,31,3.21,Fiji School of Medicine,484-284-0601,Help Desk Operator
203,92-3491405,Male,17,69,3.25,"California State University, Long Beach",679-922-4837,Assistant Professor
204,00-5193833,Male,19,26,2.66,Marij State Technical University,716-697-3258,Automation Specialist III
205,45-8676829,Female,22,43,2.53,University of Sussex,574-137-6984,Software Engineer I
206,93-2887188,Male,26,66,2.91,Baghlan University,981-661-3609,Account Representative I
207,70-3701363,Male,25,27,3.44,National Academy for Physical Education and Sports Bucharest,698-838-5101,Account Representative II
208,65-7356234,Male,19,103,2.48,Taylor University,280-159-8580,Physical Therapy Assistant
209,71-0471054,Female,22,23,2.12,Universidad Santiago de Cali,231-906-3335,Assistant Professor
210,61-2202980,Male,21,58,2.85,Guru Jambeshwar University,381-645-3072,Programmer II
211,08-9624055,Female,21,98,3.86,King Fahd Security College,425-235-4749,Financial Analyst
212,14-2582324,Male,19,78,3.66,Nigerian Defence Academy,507-358-4358,Executive Secretary
213,92-2080722,Male,24,45,,,318-594-3996,Food Chemist
214,88-2134064,Male,18,16,2.58,Ecole Française de Papeterie et des Industries Graphiques,497-753-6533,Compensation Analyst
215,86-0178764,Female,19,83,3.65,Johnson Bible College,985-991-5488,Data Coordiator
216,82-9776851,Female,25,98,2.52,Sonoda Women's University,291-647-5990,Junior Executive
217,44-6308379,Female,26,60,2.02,Osaka University,774-843-4701,Media Manager II
218,54-7968415,Male,24,71,3.41,Universidad Abierta y a Distancia de Panama,489-799-8253,Senior Financial Analyst
219,32-3217746,Female,22,33,3.26,Universidade Portucalense Infante D. Henrique,523-116-8935,GIS Technical Architect
220,91-0888022,Male,24,66,3.6,"University of Mining and Geology ""St. Ivan Rils""",729-411-7055,Physical Therapy Assistant
221,30-1047495,Female,25,113,2.7,Avila College,907-468-2962,Structural Analysis Engineer
222,13-8829137,Female,18,7,3.41,Arlington Baptist College,414-117-2698,Professor
223,75-2243151,Female,20,80,3.4,University of North Alabama,651-896-4371,Administrative Officer
224,73-1095922,Female,18,67,,,884-876-6878,Paralegal
225,24-0710732,Male,25,40,2.29,University of Education Hradec Kralove,757-985-7115,Budget/Accounting Analyst III
226,32-4900141,Male,23,22,3.75,Franciscan University of Steubenville,682-785-8652,Physical Therapy Assistant
227,62-1846189,Female,21,64,3.35,Imperial College London,670-524-4671,Product Engineer
228,95-7842239,Female,19,55,2.08,Tibet University,516-877-9723,Sales Associate
229,14-9983367,Male,19,51,2.99,The School of the Art Institute of Chicago,929-958-8231,Office Assistant II
230,06-7450515,Male,18,103,2.34,Moscow State University of Forestry Engineering,527-137-1271,Accounting Assistant IV
231,20-3231411,Female,18,116,3.46,Narendra Deva University of Agriculture and Technology,787-786-5717,Mechanical Systems Engineer
232,43-5712772,Female,20,70,3.1,Manchester College,727-207-8179,Analog Circuit Design manager
233,87-6712793,Male,20,25,3.32,Bangabandhu Sheikh Mujibur Rahman Agricultural University,965-848-7869,Engineer III
234,65-6412387,Female,23,90,2.8,Saratov State Medical University,554-600-4394,Compensation Analyst
235,80-0294743,Female,19,26,2.55,Gorgan University of Agricultural Sciences and Natural Resources,268-856-3835,Account Coordinator
236,78-5469823,Male,25,94,3.55,Universidad Nacional Autónoma de Honduras,569-400-1609,Registered Nurse
237,81-2803185,Female,18,47,3.87,"Troy University, Montgomery",987-932-9091,Assistant Professor
238,32-8950514,Male,117,115,3.37,Evangelische Hochschule für Soziale Arbeit Dresden (FH),763-255-0878,Systems Administrator I
239,02-6259492,Male,25,30,2.45,Universidad Nacional Pedro Henríquez Ureña,607-276-0326,Chemical Engineer
240,46-3328193,Male,17,18,2.07,Georgia Southern University,369-520-8927,Research Associate
241,96-0659297,Female,21,72,2.86,University of Alaska (System),709-776-4859,Sales Representative
242,63-8976358,Male,18,60,3.26,Ecole Nationale Supérieure des Industries Textiles de Mulhouse,834-421-7476,Recruiter
243,35-8591537,Female,25,45,3.66,Chang Jung University,862-558-1673,Design Engineer
244,07-0348826,Male,25,66,,,145-430-1430,Community Outreach Specialist
245,19-0827439,Female,24,12,3.63,Leading University,331-805-3379,Librarian
246,24-9446186,Male,22,26,2.2,Illinois State University,229-305-0331,Environmental Specialist
247,62-7979246,Male,19,111,2.42,Universidade Estadual de Ponta Grossa,745-782-3922,Software Consultant
248,85-4848277,Female,21,99,,,995-879-3001,Social Worker
249,57-4832287,Male,20,40,2.87,Johnson State College,484-253-6768,Teacher
250,23-4019262,Female,21,113,2.54,Karachi School of Art,709-741-8552,Information Systems Manager
251,41-8444983,Female,23,52,2.28,Johnson C. Smith University,887-745-7749,Compensation Analyst
252,36-9427634,Male,19,49,2.31,Yokohama City University,526-184-0106,Community Outreach Specialist
253,77-7456252,Male,17,68,2.96,Toyohashi University of Technology,783-436-0165,Accountant II
254,62-4478750,Female,23,101,3.58,Arlington Baptist College,525-971-5884,Systems Administrator III
255,52-8039611,Male,122,79,3.83,Herat University,472-358-1640,Operator
256,82-1943836,Male,25,78,2.94,"Benedictine University, Springfield College in Illinois",294-526-2296,Programmer II
257,67-6467502,Female,23,38,3.04,Shridhar University,935-750-4607,Business Systems Development Analyst
258,01-2623429,Female,18,30,2.32,Eötvös Lorand University,901-872-6625,Safety Technician II
259,62-2814190,Male,25,34,3.9,Amherst College,901-739-5512,Accountant III
260,98-9839669,Male,26,113,2.34,New Jersey Institute of Technology,427-385-0122,Automation Specialist III
261,11-3044794,Male,25,73,3.59,College of Technology at Abha,888-378-8431,Marketing Assistant
262,37-7686798,Female,19,50,3.99,Universidade Federal do Paraná,986-349-1222,Administrative Officer
263,55-4272668,Female,26,119,2.48,China University of Geoscience Beijing,246-137-7798,Teacher
264,02-5930750,Male,26,45,3.18,Saint Mary's University,859-341-9466,Assistant Media Planner
265,01-7374331,Male,17,3,2.96,Mutesa 1 Royal University,442-578-9072,Programmer IV
266,20-6167797,Female,22,116,2.83,Karaganda State Buketov University,929-901-1407,Recruiting Manager
267,19-0477879,Male,18,29,2.27,China Three Gorges University,324-809-1614,Programmer Analyst II
268,93-6043780,Female,18,25,2.32,Claflin College,331-125-5620,Senior Sales Associate
269,36-3016616,Male,21,101,3.46,Budapest University of Economic Sciences and Public Administration,135-267-6856,Sales Associate
270,73-3010456,Male,18,97,3.08,University of International Business,619-804-2517,Help Desk Operator
271,89-3380299,Male,23,73,3.6,Philadelphia University,121-545-4523,Help Desk Operator
272,72-9367348,Male,26,76,3.13,Crawford University ,881-374-4291,Pharmacist
273,58-5707043,Male,26,61,3.89,Visvesvaraya National Institute of Technology,582-856-8010,Engineer IV
274,76-7183111,Male,24,112,3.56,Universidad del Turismo,710-207-9908,Accountant II
275,71-8299868,Female,20,3,2.96,Agnes Scott College,384-753-8444,Marketing Manager
276,06-4223466,Male,19,117,2.07,Delta University,885-613-2651,Senior Cost Accountant
277,01-6121512,Female,19,86,2.54,Government College University Faisalabad,838-569-2779,Information Systems Manager
278,63-5191170,M,21,27,2.07,University of Louisiana at Monroe,859-560-8445,Geologist III
279,12-1182941,Female,19,7,2.65,Ishik University,559-355-4276,Internal Auditor
280,16-7671349,M,18,83,3.68,Novena University,258-312-0643,Mechanical Systems Engineer
281,07-4953843,Male,20,118,3.9,Technion - Israel Institute of Technology,300-416-7569,Geologist I
282,98-3963891,Male,18,15,2.48,Universidade Candido Mendes,472-397-7001,Junior Executive
283,32-7906430,Female,17,41,3.28,Howard University,567-546-5880,Desktop Support Technician
284,62-5024929,Female,18,120,3.99,Nile Valley University,859-822-1857,Product Engineer
285,08-7884472,Male,18,25,3.85,Universidad Autónoma de Colombia,165-202-9344,Clinical Specialist
286,68-6773277,Male,19,10,3.47,Husson College,254-587-4359,Financial Advisor
287,85-3862140,Female,17,90,2.52,"Institute of Teachers Education, Kota Bharu",222-836-9635,Analog Circuit Design manager
288,85-7561566,Female,22,36,2.13,National Hispanic University,123-315-3489,Office Assistant II
289,64-5275638,Female,26,54,2.05,National University of Management,501-845-3607,General Manager
290,92-8198808,Female,20,32,2.43,Philippine Women's University,921-350-0525,Payment Adjustment Coordinator
291,12-4640818,Female,23,94,3.49,Nordic School of Public Health,730-270-3289,Civil Engineer
292,38-4999558,Male,23,90,3.54,Chunchon National University of Education,229-969-8726,Staff Scientist
293,40-5195973,Female,18,55,2.47,Letourneau University,588-355-9718,Geological Engineer
294,13-9810882,Female,21,40,2.89,College of Education Oju,701-193-3286,Developer II
295,37-3513574,Male,24,94,3.64,Bellarmine College,102-936-9821,Civil Engineer
296,40-6050291,Female,19,96,2.25,"Universidad ""Juan Agustín Maza""",103-729-3610,Geological Engineer
297,67-8327259,Male,26,100,2.24,Medical College of Pennsylvania and Hahnemann University,295-202-8420,Help Desk Technician
298,15-6031787,Male,17,113,2.43,Slippery Rock University,387-252-2739,Environmental Specialist
299,13-3801451,Female,26,69,4,Engineering College of Aarhus,155-853-7941,Statistician II
300,23-1948178,Male,24,47,3.16,Rhode Island College,244-959-2372,VP Product Management
301,94-6880488,Female,24,63,3.56,Gallaudet University,180-671-5592,Paralegal
302,13-0876317,Female,-25,30,3,Makerere University,591-671-5943,Project Manager
303,11-2657428,Female,21,52,3.06,Gaziantep University,301-292-3870,Web Designer I
304,60-0111826,Male,25,57,2.92,Kohat University of Science and Technology  (KUST),121-500-3447,Speech Pathologist
305,00-4175307,Female,19,85,3.99,Gyeongju University,738-533-5711,Information Systems Manager
306,42-5843718,Male,22,30,2.03,Hannam University,269-693-4747,VP Sales
307,25-3935841,Female,-5,102,3.33,International University of Travnik,172-623-6654,Quality Control Specialist
308,23-7493844,Female,22,105,3.94,Universidade Federal do Acre,243-576-3764,Administrative Officer
309,85-5828451,Male,25,81,3.2,"Fachhochschule Heilbronn, Hochschule für Technik und Wirtschaft",365-413-6347,Office Assistant IV
310,80-7114027,Male,21,118,,,925-666-0466,Senior Editor
311,00-0588221,Female,26,77,3.73,Roosevelt Academy University College,244-644-7897,Senior Editor
312,73-6050693,Female,19,14,3.73,Norwegian School of Economics and Business Administration,722-306-0528,Database Administrator IV
313,57-9956164,Female,25,92,3.25,National Pedagogical University M. Dragomanov ,449-698-3903,Executive Secretary
314,06-1549192,Female,21,99,,,901-366-3530,Community Outreach Specialist
315,30-7616659,Female,26,25,3.12,Okinawa Prefectural University of Fine Arts,805-428-6406,Media Manager II
316,29-2742572,Male,25,53,2.64,Oita University,306-956-5132,Internal Auditor
317,98-5279941,Male,19,120,2.91,Universidad Nacional de La Pampa,193-281-0770,Chief Design Engineer
318,53-3870520,Male,23,102,2.68,Universidad Simón Bolivar,824-841-1671,Developer III
319,86-6487930,Male,20,37,2.06,Takarazuka University of Art and Design,903-808-2069,Systems Administrator I
320,29-2913764,Female,25,90,3.33,"Khalifa University of Science, Technology and Research",589-355-3674,Senior Editor
321,32-8045207,Male,24,91,3.53,Southwest University of Science and Technology,995-312-9359,Software Consultant
322,13-6515312,Female,22,73,3.95,Tamil University,726-225-9556,Administrative Officer
323,55-0340689,Female,23,40,2.75,University of Baghdad,675-233-1006,Junior Executive
324,55-0846316,Female,24,49,,,544-105-8127,Financial Advisor
325,37-0199935,Female,23,55,2.36,Benguet State University,992-323-6348,Tax Accountant
326,04-0209463,Male,22,66,2.48,Universidad Dr. Rafael Belloso Chacín,671-961-0126,Assistant Professor
327,94-9783286,Female,23,85,2.07,"California State University, Fullerton",312-981-1993,Media Manager III
328,96-9540432,Male,25,79,3.67,St. Norbert College,305-198-5203,Associate Professor
329,71-6379621,Female,17,38,3.15,"Long Island University, Southampton College",476-935-6325,Software Test Engineer III
330,56-1782506,Male,18,12,2.5,The College of The Bahamas,779-591-6567,Technical Writer
331,05-2550671,Male,23,3,2.85,Ecole Supérieure des Sciences et Technologie de l'Ingénieur de Nancy,139-517-1327,Statistician III
332,53-8525402,Male,24,58,2.44,Johnson State College,476-283-8028,Recruiting Manager
333,60-8644050,Female,18,101,2.8,Universidad Surcolombiana,532-977-6263,Senior Quality Engineer
334,23-7865602,Male,23,31,3.64,STMIK Sinar Nusantara,531-215-9205,VP Accounting
335,27-3780745,Female,20,75,3.65,Université Mentouri Constantine,578-363-4072,Business Systems Development Analyst
336,82-3255920,Male,20,11,2.73,St. Mary-of-the-Woods College,251-615-8340,Geologist III
337,08-2880772,Male,24,7,3.31,"CollegeAmerica, Denver",447-584-0740,Human Resources Manager
338,42-3291152,Female,23,95,3.19,Posts & Telecommunications Institute of Technology,129-561-1292,Account Executive
339,07-3285894,Female,25,111,3.05,Kunitachi College of Music,277-407-0583,Analyst Programmer
340,65-6007086,Male,19,55,3.52,Bauhaus Universität Weimar,505-433-2975,Computer Systems Analyst IV
341,58-3712699,Female,20,9,3.66,Université de Kinshasa,773-870-1728,Legal Assistant
342,51-8154423,Female,22,16,2.06,School of Banking and Management in Cracow,113-887-7955,Geologist II
343,40-4787802,Male,17,58,2.68,Universidad Católica Argentina Santa Maria de los Buenos Aires,741-995-9454,Assistant Media Planner
344,34-4222176,Male,22,75,2.58,Philosophisch-Theologische Hochschule Vallendar der Gesellschaft des Katholischen Apostolates (Pallottiner),318-253-5320,Paralegal
345,25-7571932,Male,23,37,2.63,Sapporo International University,681-545-8494,Engineer IV
346,73-5035282,Female,25,119,,,154-674-9541,Compensation Analyst
347,81-2676495,Male,23,59,,,765-447-5088,Senior Quality Engineer
348,11-4700890,Female,,93,2.57,"Federal Polytechnic Bauchi, Nigeria",614-748-4882,Legal Assistant
349,55-9007299,Male,23,26,2.83,Lagos City Polytechnic,109-595-8411,Product Engineer
350,54-4658763,Male,24,15,3.67,EMESCAM - Escola Superior de Ciências da Santa Casa de Misericórdia de Vitória,812-399-5982,Mechanical Systems Engineer
351,23-0792854,Male,24,61,2.42,University of Grigol Robakidze,463-320-8046,Systems Administrator IV
352,26-3095765,Male,,103,2.9,Universidad Politécnica de Valencia,286-842-1442,Software Engineer IV
353,86-4285227,Male,21,92,3.09,Pontifcia Università Gregoriana,298-782-0138,Help Desk Operator
354,93-5924597,Male,18,98,2.94,University of Dongola,270-469-7154,Actuary
355,37-9729902,Male,19,110,2.33,University of Bedfordshire,900-512-1830,Desktop Support Technician
356,20-4603133,Male,17,59,2.66,Universitas Bengkulu,691-538-2513,Senior Sales Associate
357,69-2568588,Male,25,62,2.13,Pomeranian Academy of Medicine in Szczecin,331-630-5361,Payment Adjustment Coordinator
358,86-8151274,Female,25,87,3.9,Briar Cliff College,913-907-7503,Product Engineer
359,24-4918523,Male,25,59,2.58,Universitas Negeri Surabaya,302-145-2043,Automation Specialist III
360,41-4023573,M,21,61,3.37,University of the Philippines Visayas - Cebu High School,893-459-4931,Desktop Support Technician
361,40-5969557,Female,21,101,3.56,Rust College,380-948-5515,Help Desk Technician
362,36-2399290,Female,18,46,3.05,Universidad Motolinía del Pedregal,513-667-3170,Recruiter
363,29-7664467,Female,26,81,3.81,Reformed Church University,463-346-7532,Marketing Assistant
364,86-6052154,Male,19,72,2.6,Westfälische Wilhelms-Universität Münster,474-146-9571,Sales Representative
365,00-8967279,Female,25,42,3.9,Hochschule für Philosophie München,624-711-0444,Senior Developer
366,57-5287795,Male,20,101,2.28,University of Wisconsin - Parkside,647-626-9267,Project Manager
367,23-9347311,Female,17,110,2.36,Southern Denmark Business School,804-445-6872,Human Resources Assistant IV
368,39-0586226,Female,22,19,3.16,Escuela Superior de Gestion Comercial y Marketing (ESIC),338-769-2942,Media Manager II
369,89-8869490,Male,21,13,2.42,Universität Bremen,969-561-2789,Human Resources Assistant II
370,88-7078874,Male,22,49,3.07,Ecole Supérieure d'Ingénieurs et de Techniciens pour l'Agriculture,369-251-8014,Food Chemist
371,20-2185241,Male,17,16,2.13,Gokhale Institute of Politics and Economics,406-378-1567,Senior Sales Associate
372,35-1452866,Male,24,85,3.77,Tafila Technical University ,237-459-4216,Help Desk Technician
373,29-2455526,F,17,119,2.31,Yamagata University,854-138-8996,Database Administrator III
374,93-4541433,Male,22,81,2.29,Rensselaer Polytechnic Institute,969-673-4693,Geological Engineer
375,65-7923857,Male,23,56,3.14,Hong Kong University of Science and Technology,650-983-9118,Director of Sales
376,61-9384342,Female,17,120,2.67,New England School of Law,195-442-2775,Product Engineer
377,96-9993792,Female,24,21,2.18,Technische Universität Wien,622-621-5459,Director of Sales
378,38-6822661,Female,,24,2.43,University of Malawi,416-974-7850,Account Representative III
379,86-4520520,Female,23,103,3.48,Brandenburgische Technische Universität Cottbus,641-679-2605,Staff Accountant I
380,14-6783068,Male,21,45,2.85,Durban Institute of Technology,430-835-1058,Analog Circuit Design manager
381,71-2901019,Male,20,51,2.85,Central South Forestry University,788-521-3850,Accountant I
382,59-2023993,Female,17,50,,,463-542-3470,Administrative Assistant II
383,50-6450171,Male,19,80,3.97,Christian Heritage College,915-991-6597,Engineer II
384,06-6257351,Female,19,30,2.54,University of Crete,539-908-7213,Information Systems Manager
385,27-2611171,Male,25,42,3.36,Shanghai Jiaotong University,501-390-9289,VP Accounting
386,92-8116257,Female,18,117,3.06,Vilnius Academy of Arts,273-787-4344,Director of Sales
387,11-0384181,Female,26,97,2.88,Fachhochschule Gelsenkirchen,208-834-8560,Chief Design Engineer
388,50-0851236,Male,20,10,3.83,Murdoch University,871-327-7066,Geological Engineer
389,72-6618908,Female,22,31,3.38,Universität der Bundeswehr Hamburg,160-598-0510,VP Marketing
390,86-0363627,Female,25,20,3.85,Kyoto City University of Arts,736-131-4108,VP Product Management
391,16-3615227,Female,17,61,2.35,Mashhad University of Medical Sciences,464-461-7930,Teacher
392,76-8798525,Male,20,59,2.52,Illinois College,295-254-5841,GIS Technical Architect
393,65-7924195,Male,26,9,2.74,Universidade Federal de Ouro Preto,236-919-8241,Business Systems Development Analyst
394,40-9993037,Male,25,16,2.24,Centro de Enseñanza Técnica Industrial,838-898-7006,Programmer Analyst III
395,40-1527505,Female,20,54,2.83,University of Split,320-835-9387,Structural Analysis Engineer
396,68-1978458,Male,21,26,,,910-724-1868,Recruiting Manager
397,68-2768762,Male,17,94,3.18,"Florida Metropolitan University, Fort Lauderdale College",701-400-4943,Design Engineer
398,91-9098872,M  ,,12,3.86,Australian Maritime College,829-425-0067,Environmental Specialist
399,28-3351865,Male,26,57,2.58,Universidad Gabriela Mistral,529-610-4088,Health Coach III
400,60-1836548,Male,21,83,2.43,University of the Philippines Diliman,664-975-4806,Senior Editor
401,19-4339264,Female,21,3,3.07,European University of Lefke,145-129-1057,Office Assistant IV
402,98-9412825,Female,23,82,3.5,Hochschule Magdeburg-Stendal (FH),462-878-8166,Account Executive
403,53-4676215,Female,26,37,2.55,Escuela Nacional de Estudios Superiores Unidad León,547-740-3487,Senior Cost Accountant
404,39-2717296,Female,24,106,3.13,Belgorod State Agricultural Academy,141-374-9560,Senior Sales Associate
405,08-5031969,Female,18,106,2.2,Prince of Songkla University,207-953-1240,Quality Engineer
406,40-0025816,Male,18,112,2.71,Technical University of Iasi,236-445-9319,Statistician II
407,67-6603413,Female,19,54,2.01,Narendra Deva University of Agriculture and Technology,563-650-5229,Product Engineer
408,76-1969308,Male,26,61,2.38,Institut Catholique de Paris,160-523-5520,Office Assistant I
409,01-3807901,Male,20,46,2.3,Universidad Michoacana de San Nicolás de Hidalgo,540-338-0629,Environmental Tech
410,71-3475442,Male,17,32,2.33,Aljouf University,931-647-7635,Geologist II
411,11-4137962,Female,23,9,3.03,"California State University, Stanislaus",121-913-9883,Legal Assistant
412,54-9253165,Female,25,101,2.24,International Academy of  Merchandising and Design Chicago,540-186-5033,VP Accounting
413,52-7800404,Female,20,6,2.87,Regis College,331-222-8820,Administrative Officer
414,58-8602093,Male,26,98,3.09,Private Hanseuniversität,214-843-6444,Biostatistician II
415,45-0819747,Female,19,85,2.46,College of New Rochelle,410-440-2400,Research Nurse
416,99-1804435,Male,17,78,2.74,Chung-Ju National University,726-996-6152,Junior Executive
417,41-8947948,F,24,29,3.19,School of the Museum of Fine Arts,516-453-5232,Senior Financial Analyst
418,95-4679699,Female,21,75,3.53,Kobe International University,665-746-4201,Health Coach IV
419,49-8295689,Male,19,48,2.47,Nairobi Institute of Business Studies ,915-831-5414,Data Coordiator
420,31-2435481,Male,25,104,3.55,Kenya College of Accountancy,617-277-9588,Cost Accountant
421,64-5996310,Male,22,94,3.53,"Rasmussen College, Illinois Campuses",527-734-4863,Information Systems Manager
422,01-2815096,Female,25,12,3.03,Open University of Cyprus,946-430-8874,Desktop Support Technician
423,94-1506844,Female,17,89,3.89,Universidad de Oriente,601-977-6125,Accountant II
424,89-2423192,Female,22,112,,,570-381-9734,Environmental Specialist
425,89-4728745,Male,17,5,2.28,Mejiro University,375-646-8913,VP Product Management
426,82-4338494,Female,21,49,2.22,Yasuj University,228-809-6967,Administrative Assistant III
427,30-6203996,Male,24,23,3.31,Queensland University of Technology,471-893-9525,Chemical Engineer
428,94-7728662,Male,22,15,3.79,Universidad de San Pedro Sula,126-383-5692,Registered Nurse
429,89-2475689,Male,24,52,2.29,Universidad Blas Pascal,707-735-0736,Associate Professor
430,48-9839623,Male,17,47,2.22,Scholl College of Podiatric Medicine,531-815-1826,Environmental Specialist
431,25-1786936,Female,19,42,2.67,Mu' tah University,396-319-5212,Assistant Manager
432,66-1378004,Male,17,54,3.34,Murdoch University,849-539-4546,Senior Cost Accountant
433,74-5746333,Female,24,41,3.61,Illinois College of Optometry,647-161-8265,Registered Nurse
434,60-3980194,Male,22,83,3.43,Universitas Trisakti,816-701-3538,Environmental Specialist
435,11-8737848,Female,18,58,2.22,Soochow University,844-741-9800,Recruiting Manager
436,16-3382546,Male,26,88,3.45,Minot State University,692-544-9690,Senior Sales Associate
437,22-5509864,Female,21,17,,,956-581-3264,Administrative Assistant IV
438,55-8393573,Male,20,86,3.24,University of Connecticut Health Center,489-715-0567,Biostatistician I
439,25-8686804,Male,20,14,,,978-872-0997,Database Administrator II
440,04-5734272,Female,18,14,3.53,Fachhochschule Jena,411-627-1048,Structural Analysis Engineer
441,48-9096630,Male,26,53,,,175-548-4382,Sales Associate
442,85-2556098,Male,20,69,3.37,Vidyasagar University,921-588-4876,Dental Hygienist
443,43-8105736,Female,19,55,2.86,University of Roorkee,861-648-2203,Social Worker
444,61-4639086,Male,18,13,2.67,Ithaca College,923-711-5616,Compensation Analyst
445,52-9972743,Female,25,100,2.75,Copperbelt University,971-770-0935,Business Systems Development Analyst
446,45-9983870,Female,17,54,2.71,Thomas Aquinas College,844-569-3967,Web Developer III
447,48-7446214,Female,20,29,2.76,Information and Communications University,807-198-0668,Nurse
448,22-7436824,Female,17,78,3.94,Gordon College,511-156-4454,Dental Hygienist
449,39-0481116,Male,18,51,3.05,Universidade de Itaúna,820-257-6656,Electrical Engineer
450,68-1548438,Male,20,37,3.7,Emory & Henry College,984-907-4938,Staff Scientist
451,67-2172910,Male,25,42,3.65,University College Bahrain,286-596-3198,Technical Writer
452,72-6221434,Female,19,52,2.77,University of Applied Sciences of Moldova,990-231-6421,Structural Engineer
453,74-0028994,Male,22,88,3.67,University of Asia and the Pacific,961-550-6665,Senior Sales Associate
454,94-6856975,Male,23,17,2.05,University of Limpopo,698-650-1591,Staff Accountant I
455,09-1290377,Female,26,112,3.1,National University of Music,230-716-0959,VP Marketing
456,77-9713951,Male,,38,3.4,Universidad Nacional de San Martín,590-879-5076,Web Developer III
457,60-2427942,Male,26,102,2.79,Shivaji University,890-133-3205,Clinical Specialist
458,62-9956923,Male,17,29,2.74,Sunway University College,349-792-6654,Analyst Programmer
459,35-1243628,Female,25,80,3.27,Universidade Autónoma de Lisboa Luís de Camoes,580-632-1663,Statistician IV
460,03-9048037,Female,19,82,3.02,Boise State University,468-484-6070,Editor
461,81-1279184,Female,19,25,2.43,Philosophisch-Theologische Hochschule Vallendar der Gesellschaft des Katholischen Apostolates (Pallottiner),579-574-3804,Electrical Engineer
462,67-6586886,Female,23,98,2.5,"Polytechnic University, Long Island Campus",889-376-6814,Technical Writer
463,71-7253260,Female,22,62,2.19,University of Waikato,607-240-0900,Graphic Designer
464,39-4670723,Male,25,73,2.82,"University of Washington, Tacoma",444-939-4381,Assistant Manager
465,95-0576942,Female,19,85,2.07,Universidad Católica Cecilio Acosta,808-236-8305,Human Resources Manager
466,20-2665010,Male,19,23,2.58,International Islamic College of Penang,293-302-0987,Sales Associate
467,42-1446334,Male,24,55,3.22,International College of Tourism and Hotel Management,106-485-2194,Speech Pathologist
468,03-1199341,Male,20,51,2.23,Universidade de Aveiro,587-675-5231,Research Nurse
469,37-9228668,Male,20,9,2.8,Build Bright University,454-719-2423,VP Quality Control
470,18-6825468,Male,19,29,2.58,Instituto Superior de Ciências Educativas,797-337-4869,General Manager
471,14-5361786,Female,23,57,3.36,University of Southampton,801-898-9122,Director of Sales
472,56-4403843,Female,25,105,2.36,Riphah International Univeristy,835-169-7151,Software Consultant
473,71-9178848,Male,24,31,2.52,Jami Institute of Technology,287-323-7950,Marketing Assistant
474,93-9580376,Female,17,11,3.01,Krasnoyarsk State Technical University,693-365-2701,Assistant Manager
475,71-8761412,Male,18,39,3.67,Dr. YS Parmar University of Horticulture and Forestry,190-488-3785,Professor
476,35-2319939,Male,18,57,2.16,Rostov State Medical University,491-979-4610,Technical Writer
477,94-6169244,F,24,19,3.84,Mayo Medical School,523-353-6953,VP Accounting
478,28-9063233,Male,23,106,2.15,Harbin Normal University,251-812-6013,Sales Associate
479,62-6050948,Male,22,57,3.45,College of St. Mary,347-149-8911,Technical Writer
480,33-7995439,Female,17,81,3.98,Gaziantep University,588-193-3564,Programmer Analyst IV
481,81-4531206,Female,24,4,2.53,Tokyo University of Foreign Studies,512-215-1166,Nuclear Power Engineer
482,18-0437451,Male,,30,2.48,Universidad Autónoma de la Laguna,392-440-9640,Tax Accountant
483,04-5648401,Female,20,35,2.07,Marymount Manhattan College,371-779-0340,Research Associate
484,23-8701705,Female,17,72,3.48,Ecole Nationale d'Ingénieurs des Travaux Agricoles de Bordeaux,949-935-6538,Junior Executive
485,69-4741215,Female,21,104,2.42,University of Tasmania,968-332-3504,Clinical Specialist
486,24-9788496,Male,25,47,2.01,Kanda University of International Studies,782-847-5674,Analog Circuit Design manager
487,74-6726336,Male,21,82,3.23,The College of Santa Fe,808-534-2146,Teacher
488,53-8137859,Male,18,74,3.76,San Diego State University,117-628-9868,Budget/Accounting Analyst I
489,00-2943839,Male,22,98,2.47,Uludag University,481-882-5609,Biostatistician III
490,80-2598213,Female,,85,3.31,St. Joseph's College New York,349-337-9292,Software Engineer I
491,13-7130695,Female,17,34,3.24,Northern State Medical University,466-970-5844,Staff Scientist
492,52-6335372,Male,18,46,3.81,Universidad Nacional de La Pampa,738-556-3045,Paralegal
493,34-1208433,Male,18,12,3.92,Hochschule für Philosophie München,798-546-2456,Engineer I
494,46-0182463,Female,24,15,3.77,Brevard College,535-151-0279,Account Executive
495,80-6562713,Male,18,35,2.12,Colorado State University-Pueblo,779-471-6663,Statistician IV
496,83-1790524,Male,24,82,2.6,Vancouver Community College,511-293-8180,Associate Professor
497,07-7055429,Female,24,62,3.41,University of Asia and the Pacific,909-457-2311,Senior Cost Accountant
498,37-0902632,Male,17,111,2.12,Universidad Nacional Jorge Basadre Grohmann,749-439-6804,GIS Technical Architect
499,18-1895879,Female,23,54,3.52,Universidad de Playa Ancha de Ciencias de la Educacion,765-568-5110,Chief Design Engineer
500,74-4661951,Female,24,86,3.91,Karunya Institute Of Technology ( Deemed University),727-439-0926,Assistant Professor
